name,value
amazon,27.02184356
google,7.596939992
facebook,2.172704842
apple,1.211416769
microsoft,1.196609666
ebay,0.164200079
